model_name,epoch,checkpoint,tensorboard_step,loss,score
0622V02,1,0,270,0,306.9130262732506
0622V02,2,0,540,0,255.63774132728577
0622V02,3,0,810,0,245.29468667507172
0622V02,4,0,1080,0,238.65290814638138
0622V02,5,0,1350,0,233.95274710655212
0622V02,6,0,1620,0,233.1169198155403
0622V02,7,0,1890,0,228.1754714846611
