model_name,epoch,checkpoint,tensorboard_step,loss,score
0623V01,1,0,270,0,406.14944356679916
0623V01,2,0,540,0,268.04557514190674
